"symbol","Name","asset","weight","price","shares","market_value","notional_value","sector","sedol","isin","exchange"
"MSFT","MICROSOFT CORP","Equity",0.0564,196.84,56627719,11146600207.96,11146600207.96,"Information Technology","2588173","US5949181045","NASDAQ"
"AAPL","APPLE INC","Equity",0.0554,352.84,31002917,10939069234.28,10939069234.28,"Information Technology","2046251","US0378331005","NASDAQ"
"AMZN","AMAZON COM INC","Equity",0.0414,2647.45,3091355,8184207794.75,8184207794.75,"Consumer Discretionary","2000019","US0231351067","NASDAQ"
"FB","FACEBOOK CLASS A INC","Equity",0.0214,236.73,17862913,4228687394.49,4228687394.49,"Communication","B7TL820","US30303M1027","NASDAQ"
"GOOG","ALPHABET INC CLASS C","Equity",0.0165,1465.85,2218599,3252133344.15,3252133344.15,"Communication","BYY88Y7","US02079K1079","NASDAQ"
"JNJ","JOHNSON & JOHNSON","Equity",0.0146,147.8,19536017,2887423312.6,2887423312.6,"Health Care","2475833","US4781601046","NYSE"
"BRK-B","BERKSHIRE HATHAWAY INC CLASS B","Equity",0.0141,191.51,14519422,2780614507.22,2780614507.22,"Financials","2073390","US0846707026","NYSE"
"V","VISA INC CLASS A","Equity",0.0129,200.48,12706763,2547451846.24,2547451846.24,"Information Technology","B2PZN04","US92826C8394","NYSE"
"JPM","JPMORGAN CHASE & CO","Equity",0.0125,106.06,23281772,2469264738.32,2469264738.32,"Financials","2190385","US46625H1005","NYSE"
"PG","PROCTER & GAMBLE","Equity",0.0112,119.23,18511207,2207091210.61,2207091210.61,"Consumer Staples","2704407","US7427181091","NYSE"
"UNH","UNITEDHEALTH GROUP INC","Equity",0.0109,305.75,7032553,2150203079.75,2150203079.75,"Health Care","2917766","US91324P1021","NYSE"
"MA","MASTERCARD INC CLASS A","Equity",0.0104,313.15,6589527,2063510380.05,2063510380.05,"Information Technology","B121557","US57636Q1040","NYSE"
"INTC","INTEL CORPORATION CORP","Equity",0.0104,63.87,32289469,2062328385.03,2062328385.03,"Information Technology","2463247","US4581401001","NASDAQ"
"HD","HOME DEPOT INC","Equity",0.0104,254.45,8097148,2060319308.6,2060319308.6,"Consumer Discretionary","2434209","US4370761029","NYSE"
"VZ","VERIZON COMMUNICATIONS INC","Equity",0.009,58.05,30699358,1782097731.9,1782097731.9,"Communication","2090571","US92343V1044","NYSE"
"T","AT&T INC","Equity",0.0088,32.14,54224051,1742760999.14,1742760999.14,"Communication","2831811","US00206R1023","NYSE"
"NVDA","NVIDIA CORP","Equity",0.0086,374.67,4542828,1702061366.76,1702061366.76,"Information Technology","2379504","US67066G1040","NASDAQ"
"DIS","WALT DISNEY","Equity",0.0083,122.18,13378921,1634636567.78,1634636567.78,"Communication","2270726","US2546871060","NYSE"
"BAC","BANK OF AMERICA CORP","Equity",0.0081,26.6,60092633,1598464037.8,1598464037.8,"Financials","2295677","US0605051046","NYSE"
"XOM","EXXON MOBIL CORP","Equity",0.0081,50.65,31406965,1590762777.25,1590762777.25,"Energy","2326618","US30231G1022","NYSE"
"MRK","MERCK & CO INC","Equity",0.0078,81.77,18898516,1545331653.32,1545331653.32,"Health Care","2778844","US58933Y1055","NYSE"
"CSCO","CISCO SYSTEMS INC","Equity",0.0076,47.42,31489747,1493243802.74,1493243802.74,"Information Technology","2198163","US17275R1023","NASDAQ"
"PFE","PFIZER INC","Equity",0.0075,35.92,41079095,1475561092.4,1475561092.4,"Health Care","2684703","US7170811035","NYSE"
"ADBE","ADOBE INC","Equity",0.0074,406.82,3593290,1461822237.8,1461822237.8,"Information Technology","2008154","US00724F1012","NASDAQ"
"NFLX","NETFLIX INC","Equity",0.0072,434.48,3253049,1413384729.52,1413384729.52,"Communication","2857817","US64110L1061","NASDAQ"
"CMCSA","COMCAST CORP CLASS A","Equity",0.0071,41.36,33698375,1393764790,1393764790,"Communication","2044545","US20030N1019","NASDAQ"
"PYPL","PAYPAL HOLDINGS INC","Equity",0.0071,159.91,8715828,1393748055.48,1393748055.48,"Information Technology","BYW36M8","US70450Y1038","NASDAQ"
"KO","COCA-COLA","Equity",0.007,48.62,28622946,1391647634.52,1391647634.52,"Consumer Staples","2206657","US1912161007","NYSE"
"PEP","PEPSICO INC","Equity",0.007,134.13,10350723,1388342475.99,1388342475.99,"Consumer Staples","2681511","US7134481081","NASDAQ"
"CVX","CHEVRON CORP","Equity",0.0069,97.58,14035681,1369601751.98,1369601751.98,"Energy","2838555","US1667641005","NYSE"
"WMT","WALMART INC","Equity",0.0065,121.16,10529952,1275808984.32,1275808984.32,"Consumer Staples","2936921","US9311421039","NYSE"
"ABBV","ABBVIE INC","Equity",0.0064,96.9,13093494,1268759568.6,1268759568.6,"Health Care","B92SR70","US00287Y1091","NYSE"
"ABT","ABBOTT LABORATORIES","Equity",0.0061,92.16,13119230,1209068236.8,1209068236.8,"Health Care","2002305","US0028241000","NYSE"
"CRM","SALESFORCE.COM INC","Equity",0.0061,182.1,6584545,1199045644.5,1199045644.5,"Information Technology","2310525","US79466L3024","NYSE"
"MCD","MCDONALDS CORP","Equity",0.0055,195.8,5591824,1094879139.2,1094879139.2,"Consumer Discretionary","2550707","US5801351017","NYSE"
"TMO","THERMO FISHER SCIENTIFIC INC","Equity",0.0053,352.8,2977544,1050477523.2,1050477523.2,"Health Care","2886907","US8835561023","NYSE"
"BMY","BRISTOL MYERS SQUIBB","Equity",0.0053,60.16,17404305,1047042988.8,1047042988.8,"Health Care","2126335","US1101221083","NYSE"
"COST","COSTCO WHOLESALE CORP","Equity",0.0051,307.33,3280349,1008149658.17,1008149658.17,"Consumer Staples","2701271","US22160K1051","NASDAQ"
"AMGN","AMGEN INC","Equity",0.0051,227.12,4411657,1001975537.84,1001975537.84,"Health Care","2023607","US0311621009","NASDAQ"
"ACN","ACCENTURE PLC CLASS A","Equity",0.005,209.43,4716596,987796700.28,987796700.28,"Information Technology","B4BNMY3","IE00B4BNMY34","NYSE"
"MDT","MEDTRONIC PLC","Equity",0.0049,97.55,9952880,970903444,970903444,"Health Care","BTN1Y11","IE00BTN1Y115","NYSE"
"LLY","ELI LILLY","Equity",0.0048,151,6274107,947390157,947390157,"Health Care","2516152","US5324571083","NYSE"
"NKE","NIKE INC CLASS B","Equity",0.0048,102.12,9253136,944930248.32,944930248.32,"Consumer Discretionary","2640147","US6541061031","NYSE"
"NEE","NEXTERA ENERGY INC","Equity",0.0047,256.79,3630615,932305625.85,932305625.85,"Utilities","2328915","US65339F1012","NYSE"
"AVGO","BROADCOM INC","Equity",0.0047,315.04,2946600,928296864,928296864,"Information Technology","BDZ78H9","US11135F1012","NASDAQ"
"TXN","TEXAS INSTRUMENT INC","Equity",0.0046,131.4,6944085,912452769,912452769,"Information Technology","2885409","US8825081040","NASDAQ"
"C","CITIGROUP INC","Equity",0.0046,55.86,16220450,906074337,906074337,"Financials","2297907","US1729674242","NYSE"
"UNP","UNION PACIFIC CORP","Equity",0.0046,175.43,5156708,904641284.44,904641284.44,"Industrials","2914734","US9078181081","NYSE"
"AMT","AMERICAN TOWER REIT CORP","Equity",0.0044,265.34,3290555,873115863.7,873115863.7,"Real Estate","B7FBFL2","US03027X1000","NYSE"
"ORCL","ORACLE CORP","Equity",0.0044,54.11,16091213,870695535.43,870695535.43,"Information Technology","2661568","US68389X1054","NYSE"
"PM","PHILIP MORRIS INTERNATIONAL INC","Equity",0.0044,75.14,11556971,868390800.94,868390800.94,"Consumer Staples","B2PKRQ3","US7181721090","NYSE"
"IBM","INTERNATIONAL BUSINESS MACHINES CO","Equity",0.0043,129.87,6578929,854405509.23,854405509.23,"Information Technology","2005973","US4592001014","NYSE"
"LIN","LINDE PLC","Equity",0.0043,213.36,3990987,851516986.32,851516986.32,"Materials","BZ12WP8","IE00BZ12WP82","NYSE"
"WFC","WELLS FARGO","Equity",0.0043,29.71,28597128,849620672.88,849620672.88,"Financials","2649100","US9497461015","NYSE"
"HON","HONEYWELL INTERNATIONAL INC","Equity",0.0041,154.12,5309247,818261147.64,818261147.64,"Industrials","2020459","US4385161066","NYSE"
"DHR","DANAHER CORP","Equity",0.0041,172.69,4670755,806592680.95,806592680.95,"Health Care","2250870","US2358511028","NYSE"
"BA","BOEING","Equity",0.0041,203.41,3962804,806073961.64,806073961.64,"Industrials","2108601","US0970231058","NYSE"
"QCOM","QUALCOMM INC","Equity",0.0039,91.01,8485567,772271452.67,772271452.67,"Information Technology","2714923","US7475251036","NASDAQ"
"RTX","RAYTHEON TECHNOLOGIES CORP","Equity",0.0038,68.36,10903864,745388143.04,745388143.04,"Industrials","BM5M5Y3","US75513E1010","NYSE"
"LMT","LOCKHEED MARTIN CORP","Equity",0.0038,403.77,1844498,744752957.46,744752957.46,"Industrials","2522096","US5398301094","NYSE"
"LOW","LOWES COMPANIES INC","Equity",0.0038,130.1,5696773,741150167.3,741150167.3,"Consumer Discretionary","2536763","US5486611073","NYSE"
"GILD","GILEAD SCIENCES INC","Equity",0.0037,77.07,9400374,724486824.18,724486824.18,"Health Care","2369174","US3755581036","NASDAQ"
"MMM","3M","Equity",0.0035,163.9,4274388,700572193.2,700572193.2,"Industrials","2595708","US88579Y1010","NYSE"
"SBUX","STARBUCKS CORP","Equity",0.0035,79.01,8776627,693441299.27,693441299.27,"Consumer Discretionary","2842255","US8552441094","NASDAQ"
"CVS","CVS HEALTH CORP","Equity",0.0033,67.51,9642498,650965039.98,650965039.98,"Health Care","2577609","US1266501006","NYSE"
"FIS","FIDELITY NATIONAL INFORMATION SERV","Equity",0.0033,141.22,4555354,643307091.88,643307091.88,"Information Technology","2769796","US31620M1062","NYSE"
"BLK","BLACKROCK INC","Equity",0.0032,558.06,1130118,630673651.08,630673651.08,"Financials","2494504","US09247X1019","NYSE"
"CHTR","CHARTER COMMUNICATIONS INC CLASS A","Equity",0.0031,533.81,1162117,620349675.77,620349675.77,"Communication","BZ6VT82","US16119P1084","NASDAQ"
"SPGI","S&P GLOBAL INC","Equity",0.003,331.18,1816357,601541111.26,601541111.26,"Financials","BYV2325","US78409V1044","NYSE"
"MO","ALTRIA GROUP INC","Equity",0.0029,41.82,13846336,579053771.52,579053771.52,"Consumer Staples","2692632","US02209S1033","NYSE"
"CI","CIGNA CORP","Equity",0.0029,209,2767828,578476052,578476052,"Health Care","BHJ0775","US1255231003","NYSE"
"INTU","INTUIT INC","Equity",0.0029,295.87,1929413,570855424.31,570855424.31,"Information Technology","2459020","US4612021034","NASDAQ"
"MDLZ","MONDELEZ INTERNATIONAL INC CLASS A","Equity",0.0029,53.11,10671762,566777279.82,566777279.82,"Consumer Staples","B8CKK03","US6092071058","NASDAQ"
"NOW","SERVICENOW INC","Equity",0.0028,401.66,1397913,561485735.58,561485735.58,"Information Technology","B80NXX8","US81762P1021","NYSE"
"UPS","UNITED PARCEL SERVICE INC CLASS B","Equity",0.0028,106.63,5193889,553824384.07,553824384.07,"Industrials","2517382","US9113121068","NYSE"
"CAT","CATERPILLAR INC","Equity",0.0027,132.44,4096237,542505628.28,542505628.28,"Industrials","2180201","US1491231015","NYSE"
"ANTM","ANTHEM INC","Equity",0.0027,288.54,1878837,542119627.98,542119627.98,"Health Care","BSPHGL4","US0367521038","NYSE"
"BKNG","BOOKING HOLDINGS INC","Equity",0.0027,1733.31,310233,537729961.23,537729961.23,"Consumer Discretionary","BDRXDB4","US09857L1089","NASDAQ"
"CCI","CROWN CASTLE INTERNATIONAL REIT CO","Equity",0.0027,174.09,3081578,536471914.02,536471914.02,"Real Estate","BTGQCX1","US22822V1017","NYSE"
"D","DOMINION ENERGY INC","Equity",0.0027,87,6100593,530751591,530751591,"Utilities","2542049","US25746U1097","NYSE"
"AXP","AMERICAN EXPRESS","Equity",0.0027,106.16,4972499,527880493.84,527880493.84,"Financials","2026082","US0258161092","NYSE"
"PLD","PROLOGIS REIT INC","Equity",0.0027,96.41,5469669,527330788.29,527330788.29,"Real Estate","B44WZD7","US74340W1036","NYSE"
"VRTX","VERTEX PHARMACEUTICALS INC","Equity",0.0026,274.34,1905900,522864606,522864606,"Health Care","2931034","US92532F1003","NASDAQ"
"BDX","BECTON DICKINSON","Equity",0.0026,237.14,2188220,518914490.8,518914490.8,"Health Care","2087807","US0758871091","NYSE"
"GS","GOLDMAN SACHS GROUP INC","Equity",0.0026,213.52,2361001,504120933.52,504120933.52,"Financials","2407966","US38141G1040","NYSE"
"ISRG","INTUITIVE SURGICAL INC","Equity",0.0025,585.38,856315,501269674.7,501269674.7,"Health Care","2871301","US46120E6023","NASDAQ"
"CME","CME GROUP INC CLASS A","Equity",0.0025,188.7,2656167,501218712.9,501218712.9,"Financials","2965839","US12572Q1058","NASDAQ"
"ADP","AUTOMATIC DATA PROCESSING INC","Equity",0.0025,156.04,3207064,500430266.56,500430266.56,"Information Technology","2065308","US0530151036","NASDAQ"
"AMD","ADVANCED MICRO DEVICES INC","Equity",0.0025,57.44,8669317,497965568.48,497965568.48,"Information Technology","2007849","US0079031078","NASDAQ"
"ZTS","ZOETIS INC CLASS A","Equity",0.0025,139.91,3530263,493919096.33,493919096.33,"Health Care","B95WG16","US98978V1035","NYSE"
"GE","GENERAL ELECTRIC","Equity",0.0025,7.61,64731828,492609211.08,492609211.08,"Industrials","2380498","US3696041033","NYSE"
"TJX","TJX INC","Equity",0.0025,54.81,8986186,492532854.66,492532854.66,"Consumer Discretionary","2989301","US8725401090","NYSE"
"DUK","DUKE ENERGY CORP","Equity",0.0025,90.19,5403254,487319478.26,487319478.26,"Utilities","B7VD3F2","US26441C2044","NYSE"
"SYK","STRYKER CORP","Equity",0.0024,201.15,2394433,481640197.95,481640197.95,"Health Care","2853688","US8636671013","NYSE"
"CL","COLGATE-PALMOLIVE","Equity",0.0024,74.36,6352274,472355094.64,472355094.64,"Consumer Staples","2209106","US1941621039","NYSE"
"SO","SOUTHERN","Equity",0.0023,59.2,7771863,460094289.6,460094289.6,"Utilities","2829601","US8425871071","NYSE"
"EQIX","EQUINIX REIT INC","Equity",0.0023,695.53,654532,455246641.96,455246641.96,"Real Estate","BVLZX12","US29444U7000","NASDAQ"
"REGN","REGENERON PHARMACEUTICALS INC","Equity",0.0023,606.59,748058,453764502.22,453764502.22,"Health Care","2730190","US75886F1075","NASDAQ"
"FISV","FISERV INC","Equity",0.0023,106.67,4231769,451402799.23,451402799.23,"Information Technology","2342034","US3377381088","NASDAQ"
"TGT","TARGET CORP","Equity",0.0023,120,3755756,450690720,450690720,"Consumer Discretionary","2259101","US87612E1064","NYSE"
"CB","CHUBB LTD","Equity",0.0022,130.98,3363656,440571662.88,440571662.88,"Financials","B3BQMF6","CH0044328745","NYSE"
"MU","MICRON TECHNOLOGY INC","Equity",0.0022,52.47,8201633,430339683.51,430339683.51,"Information Technology","2588184","US5951121038","NASDAQ"
"CSX","CSX CORP","Equity",0.0021,73.29,5784149,423920280.21,423920280.21,"Industrials","2160753","US1264081035","NASDAQ"
"GPN","GLOBAL PAYMENTS INC","Equity",0.0021,189.02,2234878,422436639.56,422436639.56,"Information Technology","2712013","US37940X1028","NYSE"
"MS","MORGAN STANLEY","Equity",0.0021,48.69,8634481,420412879.89,420412879.89,"Financials","2262314","US6174464486","NYSE"
"ATVI","ACTIVISION BLIZZARD INC","Equity",0.0021,73.82,5692320,420207062.4,420207062.4,"Communication","2575818","US00507V1098","NASDAQ"
"ECL","ECOLAB INC","Equity",0.0021,225.91,1835549,414668874.59,414668874.59,"Materials","2304227","US2788651006","NYSE"
"TFC","TRUIST FINANCIAL CORP","Equity",0.0021,41.51,9975005,414062457.55,414062457.55,"Financials","BKP7287","US89832Q1094","NYSE"
"USB","US BANCORP","Equity",0.0021,39.32,10527899,413956988.68,413956988.68,"Financials","2736035","US9029733048","NYSE"
"MMC","MARSH & MCLENNAN INC","Equity",0.0021,110.12,3740512,411905181.44,411905181.44,"Financials","2567741","US5717481023","NYSE"
"AMAT","APPLIED MATERIAL INC","Equity",0.0021,59.86,6842214,409574930.04,409574930.04,"Information Technology","2046552","US0382221051","NASDAQ"
"APD","AIR PRODUCTS AND CHEMICALS INC","Equity",0.002,247.86,1632522,404636902.92,404636902.92,"Materials","2011602","US0091581068","NYSE"
"ICE","INTERCONTINENTAL EXCHANGE INC","Equity",0.002,97.31,4126861,401584843.91,401584843.91,"Financials","BFSSDS9","US45866F1049","NYSE"
"NOC","NORTHROP GRUMMAN CORP","Equity",0.002,341.25,1161713,396434561.25,396434561.25,"Industrials","2648806","US6668071029","NYSE"
"BIIB","BIOGEN INC","Equity",0.002,295.25,1337463,394885950.75,394885950.75,"Health Care","2455965","US09062X1037","NASDAQ"
"ILMN","ILLUMINA INC","Equity",0.002,359.05,1089402,391149788.1,391149788.1,"Health Care","2613990","US4523271090","NASDAQ"
"BSX","BOSTON SCIENTIFIC CORP","Equity",0.002,37.49,10365481,388601882.69,388601882.69,"Health Care","2113434","US1011371077","NYSE"
"ADSK","AUTODESK INC","Equity",0.002,236.59,1637475,387410210.25,387410210.25,"Information Technology","2065159","US0527691069","NASDAQ"
"HUM","HUMANA INC","Equity",0.002,392.51,985287,386735000.37,386735000.37,"Health Care","2445063","US4448591028","NYSE"
"PNC","PNC FINANCIAL SERVICES GROUP INC","Equity",0.002,118.93,3243132,385705688.76,385705688.76,"Financials","2692665","US6934751057","NYSE"
"ITW","ILLINOIS TOOL INC","Equity",0.0019,174.5,2166735,378095257.5,378095257.5,"Industrials","2457552","US4523081093","NYSE"
"DE","DEERE","Equity",0.0019,161,2330759,375252199,375252199,"Industrials","2261203","US2441991054","NYSE"
"COP","CONOCOPHILLIPS","Equity",0.0019,45.91,8164345,374825078.95,374825078.95,"Energy","2685717","US20825C1045","NYSE"
"NSC","NORFOLK SOUTHERN CORP","Equity",0.0019,188.55,1938917,365582800.35,365582800.35,"Industrials","2641894","US6558441084","NYSE"
"DG","DOLLAR GENERAL CORP","Equity",0.0018,190.13,1894696,360238550.48,360238550.48,"Consumer Discretionary","B5B1S13","US2566771059","NYSE"
"NEM","NEWMONT","Equity",0.0018,58.73,6096366,358039575.18,358039575.18,"Materials","2636607","US6516391066","NYSE"
"SHW","SHERWIN WILLIAMS","Equity",0.0018,580.96,611090,355018846.4,355018846.4,"Materials","2804211","US8243481061","NYSE"
"KMB","KIMBERLY CLARK CORP","Equity",0.0018,138.51,2540790,351924822.9,351924822.9,"Consumer Staples","2491839","US4943681035","NYSE"
"PGR","PROGRESSIVE CORP","Equity",0.0018,80.28,4329584,347579003.52,347579003.52,"Financials","2705024","US7433151039","NYSE"
"EW","EDWARDS LIFESCIENCES CORP","Equity",0.0017,73.28,4654572,341087036.16,341087036.16,"Health Care","2567116","US28176E1082","NYSE"
"LHX","L3HARRIS TECHNOLOGIES INC","Equity",0.0017,206.7,1640617,339115533.9,339115533.9,"Industrials","BK9DTN5","US5024311095","NYSE"
"ADI","ANALOG DEVICES INC","Equity",0.0017,122.88,2729817,335439912.96,335439912.96,"Information Technology","2032067","US0326541051","NASDAQ"
"AON","AON PLC CLASS A","Equity",0.0017,193.18,1735761,335314309.98,335314309.98,"Financials","BLP1HW5","IE00BLP1HW54","NYSE"
"MCO","MOODYS CORP","Equity",0.0017,276.8,1203384,333096691.2,333096691.2,"Financials","2252058","US6153691059","NYSE"
"EL","ESTEE LAUDER INC CLASS A","Equity",0.0017,200.43,1646618,330031645.74,330031645.74,"Consumer Staples","2320524","US5184391044","NYSE"
"BAX","BAXTER INTERNATIONAL INC","Equity",0.0017,86.84,3784104,328611591.36,328611591.36,"Health Care","2085102","US0718131099","NYSE"
"LRCX","LAM RESEARCH CORP","Equity",0.0016,301.3,1079202,325163562.6,325163562.6,"Information Technology","2502247","US5128071082","NASDAQ"
"SCHW","CHARLES SCHWAB CORP","Equity",0.0016,38.12,8507561,324308225.32,324308225.32,"Financials","2779397","US8085131055","NYSE"
"WM","WASTE MANAGEMENT INC","Equity",0.0016,109.33,2888610,315811731.3,315811731.3,"Industrials","2937667","US94106L1098","NYSE"
"AEP","AMERICAN ELECTRIC POWER INC","Equity",0.0016,85.37,3655903,312104439.11,312104439.11,"Utilities","2026242","US0255371017","NYSE"
"ROP","ROPER TECHNOLOGIES INC","Equity",0.0016,401.22,771190,309416851.8,309416851.8,"Industrials","2749602","US7766961061","NYSE"
"TMUS","T MOBILE US INC","Equity",0.0015,105.79,2820678,298399525.62,298399525.62,"Communication","B94Q9V0","US8725901040","NASDAQ"
"EMR","EMERSON ELECTRIC","Equity",0.0015,65.88,4523295,297994674.6,297994674.6,"Industrials","2313405","US2910111044","NYSE"
"DD","DUPONT DE NEMOURS INC","Equity",0.0015,53.68,5486660,294523908.8,294523908.8,"Materials","BK0VN47","US26614N1028","NYSE"
"EXC","EXELON CORP","Equity",0.0015,40,7235774,289430960,289430960,"Utilities","2670519","US30161N1019","NASDAQ"
"ETN","EATON PLC","Equity",0.0014,91.98,3075972,282927904.56,282927904.56,"Industrials","B8KQN82","IE00B8KQN827","NYSE"
"GIS","GENERAL MILLS INC","Equity",0.0014,62.78,4500705,282554259.9,282554259.9,"Consumer Staples","2367026","US3703341046","NYSE"
"EBAY","EBAY INC","Equity",0.0014,49.25,5689608,280213194,280213194,"Consumer Discretionary","2293819","US2786421030","NASDAQ"
"CNC","CENTENE CORP","Equity",0.0014,64.41,4327032,278704131.12,278704131.12,"Health Care","2807061","US15135B1017","NYSE"
"PSX","PHILLIPS","Equity",0.0014,84.33,3300946,278368776.18,278368776.18,"Energy","B78C4Y8","US7185461040","NYSE"
"GD","GENERAL DYNAMICS CORP","Equity",0.0014,158.05,1743804,275608222.2,275608222.2,"Industrials","2365161","US3695501086","NYSE"
"EA","ELECTRONIC ARTS INC","Equity",0.0014,124.81,2173776,271308982.56,271308982.56,"Communication","2310194","US2855121099","NASDAQ"
"DLR","DIGITAL REALTY TRUST REIT INC","Equity",0.0014,138.28,1954428,270258303.84,270258303.84,"Real Estate","B03GQS4","US2538681030","NYSE"
"SRE","SEMPRA ENERGY","Equity",0.0014,128.56,2097598,269667198.88,269667198.88,"Utilities","2138158","US8168511090","NYSE"
"GM","GENERAL MOTORS","Equity",0.0014,28.75,9361258,269136167.5,269136167.5,"Consumer Discretionary","B665KZ5","US37045V1008","NYSE"
"ROST","ROSS STORES INC","Equity",0.0014,100.04,2676400,267747056,267747056,"Consumer Discretionary","2746711","US7782961038","NASDAQ"
"DXCM","DEXCOM INC","Equity",0.0013,385.17,677121,260806695.57,260806695.57,"Health Care","B0796X4","US2521311074","NASDAQ"
"XEL","XCEL ENERGY INC","Equity",0.0013,66.93,3886677,260135291.61,260135291.61,"Utilities","2614807","US98389B1008","NASDAQ"
"SBAC","SBA COMMUNICATIONS REIT CORP CLASS","Equity",0.0013,306.12,837147,256267439.64,256267439.64,"Real Estate","BZ6TS23","US78410G1040","NASDAQ"
"FDX","FEDEX CORP","Equity",0.0013,140.4,1779145,249791958,249791958,"Industrials","2142784","US31428X1063","NYSE"
"BK","BANK OF NEW YORK MELLON CORP","Equity",0.0013,39.95,6243846,249441647.7,249441647.7,"Financials","B1Z77F6","US0640581007","NYSE"
"COF","CAPITAL ONE FINANCIAL CORP","Equity",0.0013,71.8,3458632,248329777.6,248329777.6,"Financials","2654461","US14040H1059","NYSE"
"WBA","WALGREEN BOOTS ALLIANCE INC","Equity",0.0012,44.28,5569956,246637651.68,246637651.68,"Consumer Staples","BTN1Y44","US9314271084","NASDAQ"
"ALL","ALLSTATE CORP","Equity",0.0012,101.98,2410441,245816773.18,245816773.18,"Financials","2019952","US0200021014","NYSE"
"KMI","KINDER MORGAN INC","Equity",0.0012,16.93,14494316,245388769.88,245388769.88,"Energy","B3NQ4P8","US49456B1017","NYSE"
"EOG","EOG RESOURCES INC","Equity",0.0012,55.63,4328973,240820767.99,240820767.99,"Energy","2318024","US26875P1012","NYSE"
"DOW","DOW INC","Equity",0.0012,43.58,5486788,239114221.04,239114221.04,"Materials","BHXCF84","US2605571031","NYSE"
"ORLY","OREILLY AUTOMOTIVE INC","Equity",0.0012,416.48,562325,234197116,234197116,"Consumer Discretionary","B65LWX6","US67103H1077","NASDAQ"
"CTSH","COGNIZANT TECHNOLOGY SOLUTIONS COR","Equity",0.0012,57.53,4060077,233576229.81,233576229.81,"Information Technology","2257019","US1924461023","NASDAQ"
"TRV","TRAVELERS COMPANIES INC","Equity",0.0012,120.98,1907837,230810120.26,230810120.26,"Financials","2769503","US89417E1091","NYSE"
"MET","METLIFE INC","Equity",0.0012,39.5,5816162,229738399,229738399,"Financials","2573209","US59156R1086","NYSE"
"PSA","PUBLIC STORAGE REIT","Equity",0.0012,205.47,1117536,229620121.92,229620121.92,"Real Estate","2852533","US74460D1090","NYSE"
"AIG","AMERICAN INTERNATIONAL GROUP INC","Equity",0.0012,35.16,6473309,227601544.44,227601544.44,"Financials","2027342","US0268747849","NYSE"
"KLAC","KLA CORP","Equity",0.0011,192.77,1174109,226332991.93,226332991.93,"Information Technology","2480138","US4824801009","NASDAQ"
"STZ","CONSTELLATION BRANDS INC CLASS A","Equity",0.0011,180.3,1241394,223823338.2,223823338.2,"Consumer Staples","2170473","US21036P1084","NYSE"
"TROW","T ROWE PRICE GROUP INC","Equity",0.0011,127.85,1728034,220929146.9,220929146.9,"Financials","2702337","US74144T1088","NASDAQ"
"APH","AMPHENOL CORP CLASS A","Equity",0.0011,100.34,2197543,220501464.62,220501464.62,"Information Technology","2145084","US0320951017","NYSE"
"WEC","WEC ENERGY GROUP INC","Equity",0.0011,93.71,2347210,219957049.1,219957049.1,"Utilities","BYY8XK8","US92939U1060","NYSE"
"INFO","IHS MARKIT LTD","Equity",0.0011,72.78,2986522,217359071.16,217359071.16,"Industrials","BD0Q558","BMG475671050","NYSE"
"SLB","SCHLUMBERGER NV","Equity",0.0011,20.96,10301285,215914933.6,215914933.6,"Energy","2779201","AN8068571086","NYSE"
"HCA","HCA HEALTHCARE INC","Equity",0.0011,110.09,1960853,215870306.77,215870306.77,"Health Care","B4MGBG6","US40412C1018","NYSE"
"SYY","SYSCO CORP","Equity",0.0011,56.99,3778561,215340191.39,215340191.39,"Consumer Staples","2868165","US8718291078","NYSE"
"AFL","AFLAC INC","Equity",0.0011,39.09,5461524,213490973.16,213490973.16,"Financials","2026361","US0010551028","NYSE"
"YUM","YUM BRANDS INC","Equity",0.0011,94.09,2243656,211105593.04,211105593.04,"Consumer Discretionary","2098876","US9884981013","NYSE"
"TEL","TE CONNECTIVITY LTD","Equity",0.0011,85.14,2474400,210670416,210670416,"Information Technology","B62B7C3","CH0102993182","NYSE"
"SNPS","SYNOPSYS INC","Equity",0.0011,189.42,1111894,210614961.48,210614961.48,"Information Technology","2867719","US8716071076","NASDAQ"
"VLO","VALERO ENERGY CORP","Equity",0.0011,69.05,3049324,210555822.2,210555822.2,"Energy","2041364","US91913Y1001","NYSE"
"VRSK","VERISK ANALYTICS INC","Equity",0.0011,171.24,1214640,207994953.6,207994953.6,"Industrials","B4P9W92","US92345Y1064","NASDAQ"
"MSCI","MSCI INC","Equity",0.0011,331.27,627824,207979256.48,207979256.48,"Financials","B2972D2","US55354G1004","NYSE"
"A","AGILENT TECHNOLOGIES INC","Equity",0.001,89.81,2306135,207113984.35,207113984.35,"Health Care","2520153","US00846U1016","NYSE"
"ES","EVERSOURCE ENERGY","Equity",0.001,86.26,2396777,206745984.02,206745984.02,"Utilities","BVVN4Q8","US30040W1080","NYSE"
"MAR","MARRIOTT INTERNATIONAL INC CLASS A","Equity",0.001,102.62,2011319,206401555.78,206401555.78,"Consumer Discretionary","2210614","US5719032022","NASDAQ"
"IDXX","IDEXX LABORATORIES INC","Equity",0.001,321.89,635740,204638348.6,204638348.6,"Health Care","2459202","US45168D1046","NASDAQ"
"ZBH","ZIMMER BIOMET HOLDINGS INC","Equity",0.001,134.29,1521871,204372056.59,204372056.59,"Health Care","2783815","US98956P1021","NYSE"
"PRU","PRUDENTIAL FINANCIAL INC","Equity",0.001,67.88,2999069,203576803.72,203576803.72,"Financials","2819118","US7443201022","NYSE"
"TWTR","TWITTER INC","Equity",0.001,35.14,5777152,203009121.28,203009121.28,"Communication","BFLR866","US90184L1026","NYSE"
"CMI","CUMMINS INC","Equity",0.001,176.21,1139898,200861426.58,200861426.58,"Industrials","2240202","US2310211063","NYSE"
"MNST","MONSTER BEVERAGE CORP","Equity",0.001,70.44,2840481,200083481.64,200083481.64,"Consumer Staples","BZ07BW4","US61174X1090","NASDAQ"
"AZO","AUTOZONE INC","Equity",0.001,1126.88,177318,199816107.84,199816107.84,"Consumer Discretionary","2065955","US0533321024","NYSE"
"IQV","IQVIA HOLDINGS INC","Equity",0.001,147.19,1344351,197875023.69,197875023.69,"Health Care","BDR73G1","US46266C1053","NYSE"
"JCI","JOHNSON CONTROLS INTERNATIONAL PLC","Equity",0.001,34.43,5739361,197606199.23,197606199.23,"Industrials","BY7QL61","IE00BY7QL619","NYSE"
"PCAR","PACCAR INC","Equity",0.001,76.8,2563097,196845849.6,196845849.6,"Industrials","2665861","US6937181088","NASDAQ"
"PEG","PUBLIC SERVICE ENTERPRISE GROUP IN","Equity",0.001,52.2,3762450,196399890,196399890,"Utilities","2707677","US7445731067","NYSE"
"CMG","CHIPOTLE MEXICAN GRILL INC","Equity",0.001,1028.96,190732,196255598.72,196255598.72,"Consumer Discretionary","B0X7DZ3","US1696561059","NYSE"
"F","FORD MOTOR CO","Equity",0.001,6.81,28814819,196228917.39,196228917.39,"Consumer Discretionary","2615468","US3453708600","NYSE"
"KR","KROGER","Equity",0.001,32.57,5967901,194374535.57,194374535.57,"Consumer Staples","2497406","US5010441013","NYSE"
"CDNS","CADENCE DESIGN SYSTEMS INC","Equity",0.001,93.19,2079609,193798762.71,193798762.71,"Information Technology","2302232","US1273871087","NASDAQ"
"CLX","CLOROX","Equity",0.001,207.3,933685,193552900.5,193552900.5,"Consumer Staples","2204026","US1890541097","NYSE"
"ALXN","ALEXION PHARMACEUTICALS INC","Equity",0.001,116.33,1646592,191548047.36,191548047.36,"Health Care","2036070","US0153511094","NASDAQ"
"PPG","PPG INDUSTRIES INC","Equity",0.001,109.04,1749243,190737456.72,190737456.72,"Materials","2698470","US6935061076","NYSE"
"WLTW","WILLIS TOWERS WATSON PLC","Equity",0.001,199.11,954375,190025606.25,190025606.25,"Financials","BDB6Q21","IE00BDB6Q211","NASDAQ"
"MPC","MARATHON PETROLEUM CORP","Equity",0.001,39.19,4831294,189338411.86,189338411.86,"Energy","B3K3L40","US56585A1025","NYSE"
"MSI","MOTOROLA SOLUTIONS INC","Equity",0.001,148.23,1275173,189018893.79,189018893.79,"Information Technology","B5BKPQ4","US6200763075","NYSE"
"ED","CONSOLIDATED EDISON INC","Equity",0.001,76.95,2455132,188922407.4,188922407.4,"Utilities","2216850","US2091151041","NYSE"
"SPG","SIMON PROPERTY GROUP REIT INC","Equity",0.001,83.01,2264506,187976643.06,187976643.06,"Real Estate","2812452","US8288061091","NYSE"
"ROK","ROCKWELL AUTOMATION INC","Equity",9e-04,218.14,855014,186512753.96,186512753.96,"Industrials","2754060","US7739031091","NYSE"
"MCHP","MICROCHIP TECHNOLOGY INC","Equity",9e-04,104.35,1783142,186070867.7,186070867.7,"Information Technology","2592174","US5950171042","NASDAQ"
"MCK","MCKESSON CORP","Equity",9e-04,154.39,1197630,184902095.7,184902095.7,"Health Care","2378534","US58155Q1031","NYSE"
"HPQ","HP INC","Equity",9e-04,16.89,10946335,184883598.15,184883598.15,"Information Technology","BYX4D52","US40434L1052","NYSE"
"PAYX","PAYCHEX INC","Equity",9e-04,77.29,2356478,182132184.62,182132184.62,"Information Technology","2674458","US7043261079","NASDAQ"
"ANSS","ANSYS INC","Equity",9e-04,286,636772,182116792,182116792,"Information Technology","2045623","US03662Q1058","NASDAQ"
"FAST","FASTENAL","Equity",9e-04,42.49,4266886,181299986.14,181299986.14,"Industrials","2332262","US3119001044","NASDAQ"
"WMB","WILLIAMS INC","Equity",9e-04,20.14,8972180,180699705.2,180699705.2,"Energy","2967181","US9694571004","NYSE"
"PH","PARKER-HANNIFIN CORP","Equity",9e-04,187.19,958192,179363960.48,179363960.48,"Industrials","2671501","US7010941042","NYSE"
"STT","STATE STREET CORP","Equity",9e-04,66.14,2705477,178940248.78,178940248.78,"Financials","2842040","US8574771031","NYSE"
"AVB","AVALONBAY COMMUNITIES REIT INC","Equity",9e-04,171.35,1038737,177987584.95,177987584.95,"Real Estate","2131179","US0534841012","NYSE"
"RMD","RESMED INC","Equity",9e-04,166.5,1065768,177450372,177450372,"Health Care","2732903","US7611521078","NYSE"
"OTIS","OTIS WORLDWIDE CORP","Equity",9e-04,59.03,3004849,177376236.47,177376236.47,"Industrials","BK531S8","US68902V1070","NYSE"
"BLL","BALL CORP","Equity",9e-04,72.82,2434040,177246792.8,177246792.8,"Materials","2073022","US0584981064","NYSE"
"XLNX","XILINX INC","Equity",9e-04,95.3,1859223,177183951.9,177183951.9,"Information Technology","2985677","US9839191015","NASDAQ"
"AWK","AMERICAN WATER WORKS INC","Equity",9e-04,131.06,1344237,176175701.22,176175701.22,"Utilities","B2R3PV1","US0304201033","NYSE"
"FLT","FLEETCOR TECHNOLOGIES INC","Equity",9e-04,273.27,641811,175387691.97,175387691.97,"Information Technology","B4R28B3","US3390411052","NYSE"
"HLT","HILTON WORLDWIDE HOLDINGS INC","Equity",9e-04,82.83,2099474,173899431.42,173899431.42,"Consumer Discretionary","BYVMW06","US43300A2033","NYSE"
"CTAS","CINTAS CORP","Equity",9e-04,278.18,623769,173520060.42,173520060.42,"Industrials","2197137","US1729081059","NASDAQ"
"TDG","TRANSDIGM GROUP INC","Equity",9e-04,461.08,370561,170858265.88,170858265.88,"Industrials","B11FJK3","US8936411003","NYSE"
"ADM","ARCHER DANIELS MIDLAND","Equity",9e-04,41.34,4126081,170572188.54,170572188.54,"Consumer Staples","2047317","US0394831020","NYSE"
"FE","FIRSTENERGY CORP","Equity",9e-04,42.25,4024169,170021140.25,170021140.25,"Utilities","2100920","US3379321074","NYSE"
"TT","TRANE TECHNOLOGIES PLC","Equity",9e-04,94.59,1775942,167986353.78,167986353.78,"Industrials","BK9ZQ96","IE00BK9ZQ967","NYSE"
"EQR","EQUITY RESIDENTIAL REIT","Equity",9e-04,64.62,2599362,167970772.44,167970772.44,"Real Estate","2319157","US29476L1070","NYSE"
"CERN","CERNER CORP","Equity",9e-04,71.87,2337092,167966802.04,167966802.04,"Health Care","2185284","US1567821046","NASDAQ"
"SWKS","SKYWORKS SOLUTIONS INC","Equity",8e-04,131.9,1269634,167464724.6,167464724.6,"Information Technology","2961053","US83088M1027","NASDAQ"
"WELL","WELLTOWER INC","Equity",8e-04,55.77,3002434,167445744.18,167445744.18,"Real Estate","BYVYHH4","US95040Q1040","NYSE"
"VRSN","VERISIGN INC","Equity",8e-04,213.15,769457,164009759.55,164009759.55,"Information Technology","2142922","US92343E1029","NASDAQ"
"CTVA","CORTEVA INC","Equity",8e-04,29.14,5567191,162227945.74,162227945.74,"Materials","BK73B42","US22052L1044","NYSE"
"DTE","DTE ENERGY","Equity",8e-04,112.94,1429668,161466703.92,161466703.92,"Utilities","2280220","US2333311072","NYSE"
"EIX","EDISON INTERNATIONAL","Equity",8e-04,60.34,2668473,161015660.82,161015660.82,"Utilities","2829515","US2810201077","NYSE"
"DLTR","DOLLAR TREE INC","Equity",8e-04,91.47,1753312,160375448.64,160375448.64,"Consumer Discretionary","2272476","US2567461080","NASDAQ"
"PPL","PPL CORP","Equity",8e-04,27.86,5713731,159184545.66,159184545.66,"Utilities","2680905","US69351T1060","NYSE"
"GLW","CORNING INC","Equity",8e-04,27.85,5715109,159165785.65,159165785.65,"Information Technology","2224701","US2193501051","NYSE"
"O","REALTY INCOME REIT CORP","Equity",8e-04,62.13,2540094,157816040.22,157816040.22,"Real Estate","2724193","US7561091049","NYSE"
"EFX","EQUIFAX INC","Equity",8e-04,175.04,901024,157715240.96,157715240.96,"Industrials","2319146","US2944291051","NYSE"
"MKC","MCCORMICK & CO NON-VOTING INC","Equity",8e-04,172.41,912074,157250678.34,157250678.34,"Consumer Staples","2550161","US5797802064","NYSE"
"AME","AMETEK INC","Equity",8e-04,93.15,1687648,157204411.2,157204411.2,"Industrials","2089212","US0311001004","NYSE"
"VFC","VF CORP","Equity",8e-04,63.58,2443809,155377376.22,155377376.22,"Consumer Discretionary","2928683","US9182041080","NYSE"
"SWK","STANLEY BLACK & DECKER INC","Equity",8e-04,136.48,1137616,155261831.68,155261831.68,"Industrials","B3Q2FJ4","US8545021011","NYSE"
"APTV","APTIV PLC","Equity",8e-04,82.43,1881965,155130374.95,155130374.95,"Consumer Discretionary","B783TY6","JE00B783TY65","NYSE"
"KHC","KRAFT HEINZ","Equity",8e-04,32.5,4629814,150468955,150468955,"Consumer Staples","BYRY499","US5007541064","NASDAQ"
"ETR","ENTERGY CORP","Equity",8e-04,102.19,1468708,150087270.52,150087270.52,"Utilities","2317087","US29364G1031","NYSE"
"HSY","HERSHEY FOODS","Equity",8e-04,135.32,1099237,148748750.84,148748750.84,"Consumer Staples","2422806","US4278661081","NYSE"
"MTD","METTLER TOLEDO INC","Equity",7e-04,812.61,181622,147587853.42,147587853.42,"Health Care","2126249","US5926881054","NYSE"
"FTV","FORTIVE CORP","Equity",7e-04,66.86,2183530,145990815.8,145990815.8,"Industrials","BYT3MK1","US34959J1088","NYSE"
"AMP","AMERIPRISE FINANCE INC","Equity",7e-04,154.05,942657,145216310.85,145216310.85,"Financials","B0J7D57","US03076C1062","NYSE"
"LUV","SOUTHWEST AIRLINES","Equity",7e-04,37.14,3904432,145010604.48,145010604.48,"Industrials","2831543","US8447411088","NYSE"
"FTNT","FORTINET INC","Equity",7e-04,137.64,1052177,144821642.28,144821642.28,"Information Technology","B5B2106","US34959E1091","NASDAQ"
"KEYS","KEYSIGHT TECHNOLOGIES INC","Equity",7e-04,103.49,1395794,144450721.06,144450721.06,"Information Technology","BQZJ0Q9","US49338L1035","NYSE"
"ARE","ALEXANDRIA REAL ESTATE EQUITIES RE","Equity",7e-04,157.92,912372,144081786.24,144081786.24,"Real Estate","2009210","US0152711091","NYSE"
"MKTX","MARKETAXESS HOLDINGS INC","Equity",7e-04,506.99,283290,143623780.65,143623780.65,"Financials","B03Q9D0","US57060D1081","NASDAQ"
"ALGN","ALIGN TECHNOLOGY INC","Equity",7e-04,267.56,533625,142776705,142776705,"Health Care","2679204","US0162551016","NASDAQ"
"TSN","TYSON FOODS INC CLASS A","Equity",7e-04,64.54,2187857,141204290.78,141204290.78,"Consumer Staples","2909730","US9024941034","NYSE"
"DHI","D R HORTON INC","Equity",7e-04,56.28,2506376,141058841.28,141058841.28,"Consumer Discretionary","2250687","US23331A1097","NYSE"
"FRC","FIRST REPUBLIC BANK","Equity",7e-04,112.17,1249059,140106948.03,140106948.03,"Financials","B4WHY15","US33616C1009","NYSE"
"LYB","LYONDELLBASELL INDUSTRIES NV CLASS","Equity",7e-04,73.57,1901987,139929183.59,139929183.59,"Materials","B3SPXZ3","NL0009434992","NYSE"
"AJG","ARTHUR J GALLAGHER","Equity",7e-04,100.41,1391297,139700131.77,139700131.77,"Financials","2359506","US3635761097","NYSE"
"BBY","BEST BUY INC","Equity",7e-04,81.7,1694379,138430764.3,138430764.3,"Consumer Discretionary","2094670","US0865161014","NYSE"
"OXY","OCCIDENTAL PETROLEUM CORP","Equity",7e-04,20.76,6655706,138172456.56,138172456.56,"Energy","2655408","US6745991058","NYSE"
"NTRS","NORTHERN TRUST CORP","Equity",7e-04,87.63,1573647,137898686.61,137898686.61,"Financials","2648668","US6658591044","NASDAQ"
"CHD","CHURCH AND DWIGHT INC","Equity",7e-04,75.5,1826433,137895691.5,137895691.5,"Consumer Staples","2195841","US1713401024","NYSE"
"AEE","AMEREN CORP","Equity",7e-04,74.86,1828696,136896182.56,136896182.56,"Utilities","2050832","US0236081024","NYSE"
"CPRT","COPART INC","Equity",7e-04,89.4,1522341,136097285.4,136097285.4,"Industrials","2208073","US2172041061","NASDAQ"
"RSG","REPUBLIC SERVICES INC","Equity",7e-04,86.65,1553221,134586599.65,134586599.65,"Industrials","2262530","US7607591002","NYSE"
"DAL","DELTA AIR LINES INC","Equity",7e-04,31.64,4253504,134580866.56,134580866.56,"Industrials","B1W9D46","US2473617023","NYSE"
"CARR","CARRIER GLOBAL CORP","Equity",7e-04,22.2,6009991,133421800.2,133421800.2,"Industrials","BK4N0D7","US14448C1045","NYSE"
"LVS","LAS VEGAS SANDS CORP","Equity",7e-04,51.77,2514835,130193007.95,130193007.95,"Consumer Discretionary","B02T2J7","US5178341070","NYSE"
"CDW","CDW CORP","Equity",7e-04,121.71,1068575,130056263.25,130056263.25,"Information Technology","BBM5MD6","US12514G1085","NASDAQ"
"LEN","LENNAR A CORP","Equity",7e-04,62.48,2076520,129740969.6,129740969.6,"Consumer Discretionary","2511920","US5260571048","NYSE"
"OKE","ONEOK INC","Equity",7e-04,41.98,3071723,128950931.54,128950931.54,"Energy","2130109","US6826801036","NYSE"
"DFS","DISCOVER FINANCIAL SERVICES","Equity",6e-04,54.96,2332386,128187934.56,128187934.56,"Financials","B1YLC43","US2547091080","NYSE"
"ESS","ESSEX PROPERTY TRUST REIT INC","Equity",6e-04,260.3,491732,127997839.6,127997839.6,"Real Estate","2316619","US2971781057","NYSE"
"WY","WEYERHAEUSER REIT","Equity",6e-04,22.81,5571830,127093442.3,127093442.3,"Real Estate","2958936","US9621661043","NYSE"
"LH","LABORATORY CORPORATION OF AMERICA","Equity",6e-04,175.1,724757,126904950.7,126904950.7,"Health Care","2586122","US50540R4092","NYSE"
"CBRE","CBRE GROUP INC CLASS A","Equity",6e-04,51.33,2470287,126799831.71,126799831.71,"Real Estate","B6WVMH3","US12504L1098","NYSE"
"CMS","CMS ENERGY CORP","Equity",6e-04,59.9,2111692,126490350.8,126490350.8,"Utilities","2219224","US1258961002","NYSE"
"PXD","PIONEER NATURAL RESOURCE","Equity",6e-04,102.73,1230139,126372179.47,126372179.47,"Energy","2690830","US7237871071","NYSE"
"TFX","TELEFLEX INC","Equity",6e-04,366.73,344003,126156220.19,126156220.19,"Health Care","2881407","US8793691069","NYSE"
"FCX","FREEPORT MCMORAN INC","Equity",6e-04,11.47,10796128,123831588.16,123831588.16,"Materials","2352118","US35671D8570","NYSE"
"AKAM","AKAMAI TECHNOLOGIES INC","Equity",6e-04,103.85,1190446,123627817.1,123627817.1,"Information Technology","2507457","US00971T1016","NASDAQ"
"INCY","INCYTE CORP","Equity",6e-04,93.04,1328210,123576658.4,123576658.4,"Health Care","2471950","US45337C1027","NASDAQ"
"K","KELLOGG","Equity",6e-04,66.52,1837658,122241010.16,122241010.16,"Consumer Staples","2486813","US4878361082","NYSE"
"CTXS","CITRIX SYSTEMS INC","Equity",6e-04,141.37,856182,121038449.34,121038449.34,"Information Technology","2182553","US1773761002","NASDAQ"
"MXIM","MAXIM INTEGRATED PRODUCTS INC","Equity",6e-04,59.96,2018018,121000359.28,121000359.28,"Information Technology","2573760","US57772K1016","NASDAQ"
"PAYC","PAYCOM SOFTWARE INC","Equity",6e-04,331.5,364531,120842026.5,120842026.5,"Information Technology","BL95MY0","US70432V1026","NYSE"
"CAH","CARDINAL HEALTH INC","Equity",6e-04,55.47,2176242,120716143.74,120716143.74,"Health Care","2175672","US14149Y1082","NYSE"
"CAG","CONAGRA BRANDS INC","Equity",6e-04,33.2,3587057,119090292.4,119090292.4,"Consumer Staples","2215460","US2058871029","NYSE"
"AMCR","AMCOR PLC","Equity",6e-04,9.82,12052183,118352437.06,118352437.06,"Materials","BJ1F307","JE00BJ1F3079","NYSE"
"FITB","FIFTH THIRD BANCORP","Equity",6e-04,22.4,5280025,118272560,118272560,"Financials","2336747","US3167731005","NASDAQ"
"ODFL","OLD DOMINION FREIGHT LINE INC","Equity",6e-04,165.31,712704,117817098.24,117817098.24,"Industrials","2656423","US6795801009","NASDAQ"
"WST","WEST PHARMACEUTICAL SERVICES INC","Equity",6e-04,212.87,547936,116639136.32,116639136.32,"Health Care","2950482","US9553061055","NYSE"
"TTWO","TAKE TWO INTERACTIVE SOFTWARE INC","Equity",6e-04,137.31,842319,115658821.89,115658821.89,"Communication","2122117","US8740541094","NASDAQ"
"KSU","KANSAS CITY SOUTHERN","Equity",6e-04,157.2,735580,115633176,115633176,"Industrials","2607647","US4851703029","NYSE"
"HIG","HARTFORD FINANCIAL SERVICES GROUP","Equity",6e-04,42.9,2673365,114687358.5,114687358.5,"Financials","2476193","US4165151048","NYSE"
"DGX","QUEST DIAGNOSTICS INC","Equity",6e-04,114.31,1002487,114594288.97,114594288.97,"Health Care","2702791","US74834L1008","NYSE"
"VTR","VENTAS REIT INC","Equity",6e-04,41.1,2785241,114473405.1,114473405.1,"Real Estate","2927925","US92276F1003","NYSE"
"VMC","VULCAN MATERIALS","Equity",6e-04,116.07,984317,114249674.19,114249674.19,"Materials","2931205","US9291601097","NYSE"
"MTB","M&T BANK CORP","Equity",6e-04,116.75,976190,113970182.5,113970182.5,"Financials","2340168","US55261F1049","NYSE"
"KMX","CARMAX INC","Equity",6e-04,91.99,1230146,113161130.54,113161130.54,"Consumer Discretionary","2983563","US1431301027","NYSE"
"DPZ","DOMINOS PIZZA INC","Equity",6e-04,392.32,287168,112661749.76,112661749.76,"Consumer Discretionary","B01SD70","US25754A2015","NYSE"
"DOV","DOVER CORP","Equity",6e-04,102.88,1071434,110229129.92,110229129.92,"Industrials","2278407","US2600031080","NYSE"
"COO","COOPER INC","Equity",6e-04,298.63,366350,109403100.5,109403100.5,"Health Care","2222631","US2166484020","NYSE"
"BXP","BOSTON PROPERTIES REIT INC","Equity",5e-04,100.15,1074719,107633107.85,107633107.85,"Real Estate","2019479","US1011211018","NYSE"
"ABC","AMERISOURCEBERGEN CORP","Equity",5e-04,96.95,1109804,107595497.8,107595497.8,"Health Care","2795393","US03073E1055","NYSE"
"ZBRA","ZEBRA TECHNOLOGIES CORP CLASS A","Equity",5e-04,267.08,402870,107598519.6,107598519.6,"Information Technology","2989356","US9892071054","NASDAQ"
"EVRG","EVERGY INC","Equity",5e-04,63.43,1695629,107553747.47,107553747.47,"Utilities","BFMXGR0","US30034W1062","NYSE"
"IP","INTERNATIONAL PAPER","Equity",5e-04,36.77,2897303,106533831.31,106533831.31,"Materials","2465254","US4601461035","NYSE"
"IFF","INTERNATIONAL FLAVORS & FRAGRANCES","Equity",5e-04,133.52,793291,105920214.32,105920214.32,"Materials","2464165","US4595061015","NYSE"
"TSCO","TRACTOR SUPPLY","Equity",5e-04,121.29,870208,105547528.32,105547528.32,"Consumer Discretionary","2900335","US8923561067","NASDAQ"
"GWW","WW GRAINGER INC","Equity",5e-04,320.87,324201,104026374.87,104026374.87,"Industrials","2380863","US3848021040","NYSE"
"GRMN","GARMIN LTD","Equity",5e-04,96.94,1073041,104020594.54,104020594.54,"Consumer Discretionary","B3Z5T14","CH0114405324","NASDAQ"
"BR","BROADRIDGE FINANCIAL SOLUTIONS INC","Equity",5e-04,121.78,852429,103808803.62,103808803.62,"Information Technology","B1VP7R6","US11133T1034","NYSE"
"WDC","WESTERN DIGITAL CORP","Equity",5e-04,46.85,2213193,103688092.05,103688092.05,"Information Technology","2954699","US9581021055","NASDAQ"
"JKHY","JACK HENRY AND ASSOCIATES INC","Equity",5e-04,182.34,567652,103505665.68,103505665.68,"Information Technology","2469193","US4262811015","NASDAQ"
"MAA","MID AMERICA APARTMENT COMMUNITIES","Equity",5e-04,121.84,848412,103370518.08,103370518.08,"Real Estate","2589132","US59522J1034","NYSE"
"HES","HESS CORP","Equity",5e-04,53.57,1925623,103155624.11,103155624.11,"Energy","2023748","US42809H1077","NYSE"
"NDAQ","NASDAQ INC","Equity",5e-04,120.01,859182,103110431.82,103110431.82,"Financials","2965107","US6311031081","NASDAQ"
"HOLX","HOLOGIC INC","Equity",5e-04,52.01,1979754,102967005.54,102967005.54,"Health Care","2433530","US4364401012","NASDAQ"
"LDOS","LEIDOS HOLDINGS INC","Equity",5e-04,104.77,982758,102963555.66,102963555.66,"Information Technology","BDV82B8","US5253271028","NYSE"
"PEAK","HEALTHPEAK PROPERTIES INC","Equity",5e-04,28.16,3646527,102686200.32,102686200.32,"Real Estate","BJBLRK3","US42250P1030","NYSE"
"HPE","HEWLETT PACKARD ENTERPRISE","Equity",5e-04,10.7,9594210,102658047,102658047,"Information Technology","BYVYWS0","US42824C1099","NYSE"
"SYF","SYNCHRONY FINANCIAL","Equity",5e-04,24.37,4200292,102361116.04,102361116.04,"Financials","BP96PS6","US87165B1035","NYSE"
"KEY","KEYCORP","Equity",5e-04,13.88,7311226,101479816.88,101479816.88,"Financials","2490911","US4932671088","NYSE"
"ULTA","ULTA BEAUTY INC","Equity",5e-04,238.41,425374,101413415.34,101413415.34,"Consumer Discretionary","B28TS42","US90384S3031","NASDAQ"
"STE","STERIS","Equity",5e-04,159.64,633592,101146626.88,101146626.88,"Health Care","BFY8C75","IE00BFY8C754","NYSE"
"MAS","MASCO CORP","Equity",5e-04,47.76,2105089,100539050.64,100539050.64,"Industrials","2570200","US5745991068","NYSE"
"NUE","NUCOR CORP","Equity",5e-04,44.1,2273947,100281062.7,100281062.7,"Materials","2651086","US6703461052","NYSE"
"QRVO","QORVO INC","Equity",5e-04,114.87,867575,99658340.25,99658340.25,"Information Technology","BR9YYP4","US74736K1016","NASDAQ"
"EXPD","EXPEDITORS INTERNATIONAL OF WASHIN","Equity",5e-04,77.91,1274326,99282738.66,99282738.66,"Industrials","2325507","US3021301094","NASDAQ"
"FMC","FMC CORP","Equity",5e-04,102.82,960621,98771051.22,98771051.22,"Materials","2328603","US3024913036","NYSE"
"HRL","HORMEL FOODS CORP","Equity",5e-04,48.03,2048861,98406793.83,98406793.83,"Consumer Staples","2437264","US4404521001","NYSE"
"TIF","TIFFANY","Equity",5e-04,121.05,803301,97239586.05,97239586.05,"Consumer Discretionary","2892090","US8865471085","NYSE"
"EXR","EXTRA SPACE STORAGE REIT INC","Equity",5e-04,100.66,963802,97016309.32,97016309.32,"Real Estate","B02HWR9","US30225T1025","NYSE"
"DRE","DUKE REALTY REIT CORP","Equity",5e-04,35.65,2707565,96524692.25,96524692.25,"Real Estate","2284084","US2644115055","NYSE"
"HAL","HALLIBURTON","Equity",5e-04,14.51,6583883,95532142.33,95532142.33,"Energy","2405302","US4062161017","NYSE"
"VIAC","VIACOMCBS INC CLASS B","Equity",5e-04,24,3975780,95418720,95418720,"Communication","BKTNTR9","US92556H2067","NASDAQ"
"STX","SEAGATE TECHNOLOGY PLC","Equity",5e-04,55.33,1720104,95173354.32,95173354.32,"Information Technology","B58JVZ5","IE00B58JVZ52","NASDAQ"
"MLM","MARTIN MARIETTA MATERIALS INC","Equity",5e-04,204.59,464541,95040443.19,95040443.19,"Materials","2572079","US5732841060","NYSE"
"GPC","GENUINE PARTS","Equity",5e-04,88.51,1066560,94401225.6,94401225.6,"Consumer Discretionary","2367480","US3724601055","NYSE"
"ANET","ARISTA NETWORKS INC","Equity",5e-04,232.77,405231,94325619.87,94325619.87,"Information Technology","BN33VM5","US0404131064","NYSE"
"OMC","OMNICOM GROUP INC","Equity",5e-04,58.12,1605182,93293177.84,93293177.84,"Communication","2279303","US6819191064","NYSE"
"WAT","WATER CORP","Equity",5e-04,194.56,479364,93265059.84,93265059.84,"Health Care","2937689","US9418481035","NYSE"
"BFB","BROWN FORMAN CORP CLASS B","Equity",5e-04,68.39,1357804,92860215.56,92860215.56,"Consumer Staples","2146838","US1156372096","NYSE"
"SJM","JM SMUCKER","Equity",5e-04,108.74,848257,92239466.18,92239466.18,"Consumer Staples","2951452","US8326964058","NYSE"
"NLOK","NORTONLIFELOCK INC","Equity",5e-04,21.41,4296952,91997742.32,91997742.32,"Information Technology","BJN4XN5","US6687711084","NASDAQ"
"XYL","XYLEM INC","Equity",5e-04,68.51,1339533,91771405.83,91771405.83,"Industrials","B3P2CN8","US98419M1009","NYSE"
"ATO","ATMOS ENERGY CORP","Equity",5e-04,103.74,884470,91754917.8,91754917.8,"Utilities","2315359","US0495601058","NYSE"
"CXO","CONCHO RESOURCES INC","Equity",5e-04,61.34,1495884,91757524.56,91757524.56,"Energy","B1YWRK7","US20605P1012","NYSE"
"EXPE","EXPEDIA GROUP INC","Equity",5e-04,87.37,1046107,91398368.59,91398368.59,"Consumer Discretionary","B748CK2","US30212P3038","NASDAQ"
"LNT","ALLIANT ENERGY CORP","Equity",5e-04,50.72,1792148,90897746.56,90897746.56,"Utilities","2973821","US0188021085","NASDAQ"
"RF","REGIONS FINANCIAL CORP","Equity",5e-04,12.66,7176879,90859288.14,90859288.14,"Financials","B01R311","US7591EP1005","NYSE"
"IEX","IDEX CORP","Equity",5e-04,160.18,561292,89907752.56,89907752.56,"Industrials","2456612","US45167R1041","NYSE"
"NVR","NVR INC","Equity",5e-04,3420.34,26107,89294816.38,89294816.38,"Consumer Discretionary","2637785","US62944T1051","NYSE"
"CFG","CITIZENS FINANCIAL GROUP INC","Equity",4e-04,27.25,3234310,88134947.5,88134947.5,"Financials","BQRX1X3","US1746101054","NYSE"
"UDR","UDR REIT INC","Equity",4e-04,40.31,2176598,87738665.38,87738665.38,"Real Estate","2727910","US9026531049","NYSE"
"WAB","WESTINGHOUSE AIR BRAKE TECHNOLOGIE","Equity",4e-04,65.21,1335545,87090889.45,87090889.45,"Industrials","2955733","US9297401088","NYSE"
"URI","UNITED RENTALS INC","Equity",4e-04,155.6,555573,86447158.8,86447158.8,"Industrials","2134781","US9113631090","NYSE"
"PFG","PRINCIPAL FINANCIAL GROUP INC","Equity",4e-04,44.34,1944406,86214962.04,86214962.04,"Financials","2803014","US74251V1026","NASDAQ"
"J","JACOBS ENGINEERING GROUP INC","Equity",4e-04,84.87,1006403,85413422.61,85413422.61,"Industrials","2469052","US4698141078","NYSE"
"CE","CELANESE CORP","Equity",4e-04,94.57,899283,85045193.31,85045193.31,"Materials","B05MZT4","US1508701034","NYSE"
"ETFC","E TRADE FINANCIAL CORP","Equity",4e-04,50.17,1688130,84693482.1,84693482.1,"Financials","2299011","US2692464017","NASDAQ"
"IR","INGERSOLL RAND INC","Equity",4e-04,32.78,2575879,84437313.62,84437313.62,"Industrials","BL5GZ82","US45687V1061","NYSE"
"ABMD","ABIOMED INC","Equity",4e-04,250.85,336013,84288861.05,84288861.05,"Health Care","2003698","US0036541003","NASDAQ"
"SIVB","SVB FINANCIAL GROUP","Equity",4e-04,221.81,379251,84121664.31,84121664.31,"Financials","2808053","US78486Q1013","NASDAQ"
"BKR","BAKER HUGHES CLASS A","Equity",4e-04,17.26,4867221,84008234.46,84008234.46,"Energy","BDHLTQ5","US05722G1004","NYSE"
"PKI","PERKINELMER INC","Equity",4e-04,103.02,815332,83995502.64,83995502.64,"Health Care","2305844","US7140461093","NYSE"
"IT","GARTNER INC","Equity",4e-04,127.03,660354,83884768.62,83884768.62,"Information Technology","2372763","US3666511072","NYSE"
"VAR","VARIAN MEDICAL SYSTEMS INC","Equity",4e-04,123.11,675284,83134213.24,83134213.24,"Health Care","2927516","US92220P1057","NYSE"
"CBOE","CBOE GLOBAL MARKETS INC","Equity",4e-04,101.37,818477,82969013.49,82969013.49,"Financials","B5834C5","US12503M1080","Cboe BZX formerly known as BATS"
"CHRW","CH ROBINSON WORLDWIDE INC","Equity",4e-04,82.2,1006400,82726080,82726080,"Industrials","2116228","US12541W2098","NASDAQ"
"RCL","ROYAL CARIBBEAN CRUISES LTD","Equity",4e-04,63.59,1278275,81285507.25,81285507.25,"Consumer Discretionary","2754907","LR0008862868","NYSE"
"FOXA","FOX CORP CLASS A","Equity",4e-04,30.14,2627778,79201228.92,79201228.92,"Communication","BJJMGL2","US35137L1052","NASDAQ"
"HBAN","HUNTINGTON BANCSHARES INC","Equity",4e-04,10.4,7577710,78808184,78808184,"Financials","2445966","US4461501045","NASDAQ"
"NTAP","NETAPP INC","Equity",4e-04,46.22,1697866,78475366.52,78475366.52,"Information Technology","2630643","US64110D1046","NASDAQ"
"MGM","MGM RESORTS INTERNATIONAL","Equity",4e-04,20.51,3817943,78306010.93,78306010.93,"Consumer Discretionary","2547419","US5529531015","NYSE"
"EMN","EASTMAN CHEMICAL","Equity",4e-04,75.64,1020923,77222615.72,77222615.72,"Materials","2298386","US2774321002","NYSE"
"CTL","CENTURYLINK INC","Equity",4e-04,10.71,7190183,77006859.93,77006859.93,"Communication","2185046","US1567001060","NYSE"
"AVY","AVERY DENNISON CORP","Equity",4e-04,121.46,626164,76053879.44,76053879.44,"Materials","2066408","US0536111091","NYSE"
"LW","LAMB WESTON HOLDINGS INC","Equity",4e-04,70.52,1074445,75769861.4,75769861.4,"Consumer Staples","BDQZFJ3","US5132721045","NYSE"
"XRAY","DENTSPLY SIRONA INC","Equity",4e-04,46.51,1629056,75767394.56,75767394.56,"Health Care","BYNPPC6","US24906P1093","NASDAQ"
"ALLE","ALLEGION PLC","Equity",4e-04,109.02,690349,75261847.98,75261847.98,"Industrials","BFRT3W7","IE00BFRT3W74","NYSE"
"DRI","DARDEN RESTAURANTS INC","Equity",4e-04,77.77,966814,75189124.78,75189124.78,"Consumer Discretionary","2289874","US2371941053","NYSE"
"JBHT","JB HUNT TRANSPORT SERVICES INC","Equity",4e-04,118.99,630057,74970482.43,74970482.43,"Industrials","2445416","US4456581077","NASDAQ"
"WU","WESTERN UNION","Equity",4e-04,23.71,3143733,74537909.43,74537909.43,"Information Technology","B1F76F9","US9598021098","NYSE"
"PKG","PACKAGING CORP OF AMERICA","Equity",4e-04,105.32,698167,73530948.44,73530948.44,"Materials","2504566","US6951561090","NYSE"
"UAL","UNITED AIRLINES HOLDINGS INC","Equity",4e-04,39.72,1847599,73386632.28,73386632.28,"Industrials","B4QG225","US9100471096","NASDAQ"
"CINF","CINCINNATI FINANCIAL CORP","Equity",4e-04,65.23,1117148,72871564.04,72871564.04,"Financials","2196888","US1720621010","NASDAQ"
"HAS","HASBRO INC","Equity",4e-04,76.12,956054,72774830.48,72774830.48,"Consumer Discretionary","2414580","US4180561072","NASDAQ"
"AAP","ADVANCE AUTO PARTS INC","Equity",4e-04,140.38,515248,72330514.24,72330514.24,"Consumer Discretionary","2822019","US00751Y1064","NYSE"
"CCL","CARNIVAL CORP","Equity",4e-04,20.59,3451418,71064696.62,71064696.62,"Consumer Discretionary","2523044","PA1436583006","NYSE"
"WYNN","WYNN RESORTS LTD","Equity",4e-04,98.93,718214,71052911.02,71052911.02,"Consumer Discretionary","2963811","US9831341071","NASDAQ"
"RJF","RAYMOND JAMES INC","Equity",4e-04,76.37,916596,70000436.52,70000436.52,"Financials","2718992","US7547301090","NYSE"
"HST","HOST HOTELS & RESORTS REIT INC","Equity",4e-04,13.29,5258132,69880574.28,69880574.28,"Real Estate","2567503","US44107P1049","NYSE"
"CNP","CENTERPOINT ENERGY INC","Equity",4e-04,18.39,3773847,69401046.33,69401046.33,"Utilities","2440637","US15189T1079","NYSE"
"PHM","PULTEGROUP INC","Equity",3e-04,36.32,1896009,68863046.88,68863046.88,"Consumer Discretionary","2708841","US7458671010","NYSE"
"L","LOEWS CORP","Equity",3e-04,36.17,1903206,68838961.02,68838961.02,"Financials","2523022","US5404241086","NYSE"
"NRG","NRG ENERGY INC","Equity",3e-04,36.19,1885628,68240877.32,68240877.32,"Utilities","2212922","US6293775085","NYSE"
"NI","NISOURCE INC","Equity",3e-04,24.41,2779829,67855625.89,67855625.89,"Utilities","2645409","US65473P1057","NYSE"
"RE","EVEREST RE GROUP LTD","Equity",3e-04,221.69,303079,67189583.51,67189583.51,"Financials","2556868","BMG3223R1088","NYSE"
"FFIV","F5 NETWORKS INC","Equity",3e-04,146.02,456081,66596947.62,66596947.62,"Information Technology","2427599","US3156161024","NASDAQ"
"ALB","ALBEMARLE CORP","Equity",3e-04,83.86,789024,66167552.64,66167552.64,"Materials","2046853","US0126531013","NYSE"
"MYL","MYLAN NV","Equity",3e-04,17.32,3800682,65808808.83,65808808.83,"Health Care","BVFMFG8","NL0011031208","NASDAQ"
"PNW","PINNACLE WEST CORP","Equity",3e-04,78.13,836429,65350197.77,65350197.77,"Utilities","2048804","US7234841010","NYSE"
"AES","AES CORP","Equity",3e-04,13.17,4939780,65056902.6,65056902.6,"Utilities","2002479","US00130H1059","NYSE"
"FBHS","FORTUNE BRANDS HOME AND SECURITY I","Equity",3e-04,62.31,1041067,64868884.77,64868884.77,"Industrials","B3MC7D6","US34964C1062","NYSE"
"WRB","WR BERKLEY CORP","Equity",3e-04,60.11,1077742,64783071.62,64783071.62,"Financials","2093644","US0844231029","NYSE"
"LNC","LINCOLN NATIONAL CORP","Equity",3e-04,44.12,1457113,64287825.56,64287825.56,"Financials","2516378","US5341871094","NYSE"
"WHR","WHIRLPOOL CORP","Equity",3e-04,134.63,476425,64141097.75,64141097.75,"Consumer Discretionary","2960384","US9633201069","NYSE"
"HSIC","HENRY SCHEIN INC","Equity",3e-04,58.82,1079031,63468603.42,63468603.42,"Health Care","2416962","US8064071025","NASDAQ"
"JNPR","JUNIPER NETWORKS INC","Equity",3e-04,25.06,2486007,62299335.42,62299335.42,"Information Technology","2431846","US48203R1041","NYSE"
"DISH","DISH NETWORK CORP CLASS A","Equity",3e-04,33.33,1868683,62283204.39,62283204.39,"Communication","2303581","US25470M1099","NASDAQ"
"COG","CABOT OIL & GAS CORP","Equity",3e-04,20.24,3049915,61730279.6,61730279.6,"Energy","2162340","US1270971039","NYSE"
"IRM","IRON MOUNTAIN INC","Equity",3e-04,29.34,2102626,61691046.84,61691046.84,"Real Estate","BVFTF03","US46284V1017","NYSE"
"GL","GLOBE LIFE INC","Equity",3e-04,82.49,747374,61650881.26,61650881.26,"Financials","BK6YKG1","US37959E1029","NYSE"
"CPB","CAMPBELL SOUP","Equity",3e-04,48.94,1256862,61510826.28,61510826.28,"Consumer Staples","2162845","US1344291091","NYSE"
"LKQ","LKQ CORP","Equity",3e-04,27.46,2239183,61487965.18,61487965.18,"Consumer Discretionary","2971029","US5018892084","NASDAQ"
"UHS","UNIVERSAL HEALTH SERVICES INC CLAS","Equity",3e-04,102.45,593360,60789732,60789732,"Health Care","2923785","US9139031002","NYSE"
"REG","REGENCY CENTERS REIT CORP","Equity",3e-04,48.16,1246805,60046128.8,60046128.8,"Real Estate","2726177","US7588491032","NASDAQ"
"FANG","DIAMONDBACK ENERGY INC","Equity",3e-04,50.17,1196303,60018521.51,60018521.51,"Energy","B7Y8YR3","US25278X1090","NASDAQ"
"SNA","SNAP ON INC","Equity",3e-04,145.55,407318,59285134.9,59285134.9,"Industrials","2818740","US8330341012","NYSE"
"HII","HUNTINGTON INGALLS INDUSTRIES INC","Equity",3e-04,197.01,300294,59160920.94,59160920.94,"Industrials","B40SSC9","US4464131063","NYSE"
"WRK","WESTROCK","Equity",3e-04,30.38,1942646,59017585.48,59017585.48,"Materials","BYR0914","US96145D1054","NYSE"
"TXT","TEXTRON INC","Equity",3e-04,35.36,1664719,58864463.84,58864463.84,"Industrials","2885937","US8832031012","NYSE"
"DVA","DAVITA INC","Equity",3e-04,82.9,671076,55632200.4,55632200.4,"Health Care","2898087","US23918K1088","NYSE"
"LYV","LIVE NATION ENTERTAINMENT INC","Equity",3e-04,52.48,1053042,55263644.16,55263644.16,"Communication","B0T7YX2","US5380341090","NYSE"
"TAP","MOLSON COORS BREWING CLASS B","Equity",3e-04,39.5,1384548,54689646,54689646,"Consumer Staples","B067BM3","US60871R2094","NYSE"
"BWA","BORGWARNER INC","Equity",3e-04,35.57,1536608,54657146.56,54657146.56,"Consumer Discretionary","2111955","US0997241064","NYSE"
"IPG","INTERPUBLIC GROUP OF COMPANIES INC","Equity",3e-04,18.66,2906689,54238816.74,54238816.74,"Communication","2466321","US4606901001","NYSE"
"PRGO","PERRIGO PLC","Equity",3e-04,53.45,1008745,53917420.25,53917420.25,"Health Care","BGH1M56","IE00BGH1M568","NYSE"
"DISCK","DISCOVERY INC SERIES C","Equity",3e-04,20.83,2495494,51981140.02,51981140.02,"Communication","B3D7KG4","US25470F3029","NASDAQ"
"AIZ","ASSURANT INC","Equity",3e-04,114.44,443787,50786984.28,50786984.28,"Financials","2331430","US04621X1081","NYSE"
"AOS","A O SMITH CORP","Equity",3e-04,48.39,1023851,49544149.89,49544149.89,"Industrials","2816023","US8318652091","NYSE"
"FRT","FEDERAL REALTY INVESTMENT TRUST RE","Equity",2e-04,94.64,521142,49320878.88,49320878.88,"Real Estate","2333931","US3137472060","NYSE"
"CF","CF INDUSTRIES HOLDINGS INC","Equity",2e-04,30.88,1593605,49210522.4,49210522.4,"Materials","B0G4K50","US1252691001","NYSE"
"RHI","ROBERT HALF","Equity",2e-04,55.46,886275,49152811.5,49152811.5,"Industrials","2110703","US7703231032","NYSE"
"VNO","VORNADO REALTY TRUST REIT","Equity",2e-04,42.29,1158836,49007174.44,49007174.44,"Real Estate","2933632","US9290421091","NYSE"
"PNR","PENTAIR","Equity",2e-04,39.9,1223214,48806238.6,48806238.6,"Industrials","BLS09M3","IE00BLS09M33","NYSE"
"AAL","AMERICAN AIRLINES GROUP INC","Equity",2e-04,17.02,2844446,48412470.92,48412470.92,"Industrials","BCV7KT2","US02376R1023","NASDAQ"
"BEN","FRANKLIN RESOURCES INC","Equity",2e-04,22.54,2105723,47462996.42,47462996.42,"Financials","2350684","US3546131018","NYSE"
"ZION","ZIONS BANCORPORATION","Equity",2e-04,36.76,1268205,46619215.8,46619215.8,"Financials","2989828","US9897011071","NASDAQ"
"AIV","APARTMENT INVESTMENT AND MANAGEMEN","Equity",2e-04,41.35,1126942,46599051.7,46599051.7,"Real Estate","BJLNBG3","US03748R7540","NYSE"
"MHK","MOHAWK INDUSTRIES INC","Equity",2e-04,106.05,433167,45937360.35,45937360.35,"Consumer Discretionary","2598699","US6081901042","NYSE"
"ROL","ROLLINS INC","Equity",2e-04,43.48,1055739,45903531.72,45903531.72,"Industrials","2747305","US7757111049","NYSE"
"NWL","NEWELL BRANDS INC","Equity",2e-04,15.93,2831680,45108662.4,45108662.4,"Consumer Discretionary","2635701","US6512291062","NASDAQ"
"CMA","COMERICA INC","Equity",2e-04,41.8,1072463,44828953.4,44828953.4,"Financials","2212870","US2003401070","NYSE"
"FLIR","FLIR SYSTEMS INC","Equity",2e-04,44.47,982659,43698845.73,43698845.73,"Information Technology","2344717","US3024451011","NASDAQ"
"KIM","KIMCO REALTY REIT CORP","Equity",2e-04,14.06,3079711,43300736.66,43300736.66,"Real Estate","2491594","US49446R1095","NYSE"
"NOV","NATIONAL OILWELL VARCO INC","Equity",2e-04,14.74,2931039,43203514.86,43203514.86,"Energy","2624486","US6370711011","NYSE"
"IPGP","IPG PHOTONICS CORP","Equity",2e-04,165.39,260742,43124119.38,43124119.38,"Information Technology","2698782","US44980X1090","NASDAQ"
"MRO","MARATHON OIL CORP","Equity",2e-04,7.11,6048439,43004401.29,43004401.29,"Energy","2910970","US5658491064","NYSE"
"PWR","QUANTA SERVICES INC","Equity",2e-04,39.67,1082115,42927502.05,42927502.05,"Industrials","2150204","US74762E1029","NYSE"
"PBCT","PEOPLES UNITED FINANCIAL INC","Equity",2e-04,12.79,3300324,42211143.96,42211143.96,"Financials","B1W41J2","US7127041058","NASDAQ"
"NLSN","NIELSEN HOLDINGS PLC","Equity",2e-04,15.91,2642683,42045086.53,42045086.53,"Industrials","BWFY550","GB00BWFY5505","NYSE"
"HWM","HOWMET AEROSPACE INC","Equity",2e-04,14.97,2803701,41971403.97,41971403.97,"Industrials","BKLJ8V2","US4432011082","NYSE"
"APA","APACHE CORP","Equity",2e-04,14.83,2798238,41497869.54,41497869.54,"Energy","2043962","US0374111054","NASDAQ"
"DVN","DEVON ENERGY CORP","Equity",2e-04,13.67,2879125,39357638.75,39357638.75,"Energy","2480677","US25179M1036","NYSE"
"NBL","NOBLE ENERGY INC","Equity",2e-04,10.75,3601627,38717490.25,38717490.25,"Energy","2640761","US6550441058","NASDAQ"
"NCLH","NORWEGIAN CRUISE LINE HOLDINGS LTD","Equity",2e-04,20.65,1846263,38125330.95,38125330.95,"Consumer Discretionary","B9CGTC3","BMG667211046","NYSE"
"SEE","SEALED AIR CORP","Equity",2e-04,32.32,1176557,38026322.24,38026322.24,"Materials","2232793","US81211K1007","NYSE"
"HFC","HOLLYFRONTIER CORP","Equity",2e-04,34.22,1091940,37366186.8,37366186.8,"Energy","B5VX1H6","US4361061082","NYSE"
"ALK","ALASKA AIR GROUP INC","Equity",2e-04,41.48,888663,36861741.24,36861741.24,"Industrials","2012605","US0116591092","NYSE"
"NWSA","NEWS CORP CLASS A","Equity",2e-04,12.39,2937403,36394423.17,36394423.17,"Communication","BBGVT40","US65249B1098","NASDAQ"
"LEG","LEGGETT & PLATT INC","Equity",2e-04,35.98,1000908,36012669.84,36012669.84,"Consumer Discretionary","2510682","US5246601075","NYSE"
"MOS","MOSAIC","Equity",2e-04,14.09,2531692,35671540.28,35671540.28,"Materials","B3NPHP6","US61945C1036","NYSE"
"HBI","HANESBRANDS INC","Equity",2e-04,12.58,2758178,34697879.24,34697879.24,"Consumer Discretionary","B1BJSL9","US4103451021","NYSE"
"PVH","PVH CORP","Equity",2e-04,59.61,561417,33466067.37,33466067.37,"Consumer Discretionary","B3V9F12","US6936561009","NYSE"
"DXC","DXC TECHNOLOGY","Equity",2e-04,16.94,1886184,31951956.96,31951956.96,"Information Technology","BYXD7B3","US23355L1061","NYSE"
"SLG","SL GREEN REALTY REIT CORP","Equity",2e-04,53.24,597815,31827670.6,31827670.6,"Real Estate","2096847","US78440X1019","NYSE"
"TPR","TAPESTRY INC","Equity",2e-04,15.48,2019591,31263268.68,31263268.68,"Consumer Discretionary","BF09HX3","US8760301072","NYSE"
"LB","L BRANDS INC","Equity",2e-04,17.46,1728218,30174686.28,30174686.28,"Consumer Discretionary","B9M2WX3","US5017971046","NYSE"
"RL","RALPH LAUREN CORP CLASS A","Equity",2e-04,80.69,370019,29856833.11,29856833.11,"Consumer Discretionary","B4V9661","US7512121010","NYSE"
"HOG","HARLEY DAVIDSON INC","Equity",1e-04,25.71,1143407,29396993.97,29396993.97,"Consumer Discretionary","2411053","US4128221086","NYSE"
"FLS","FLOWSERVE CORP","Equity",1e-04,30.13,973849,29342070.37,29342070.37,"Industrials","2288406","US34354P1057","NYSE"
"IVZ","INVESCO LTD","Equity",1e-04,10.32,2738472,28261031.04,28261031.04,"Financials","B28XP76","BMG491BT1088","NYSE"
"KSS","KOHLS CORP","Equity",1e-04,23.95,1150370,27551361.5,27551361.5,"Consumer Discretionary","2496113","US5002551043","NYSE"
"HRB","H&R BLOCK INC","Equity",1e-04,18.93,1417858,26840051.94,26840051.94,"Consumer Discretionary","2105505","US0936711052","NYSE"
"UNM","UNUM","Equity",1e-04,18.17,1474849,26798006.33,26798006.33,"Financials","2433842","US91529Y1064","NYSE"
"DISCA","DISCOVERY INC SERIES A","Equity",1e-04,23.17,1142424,26469964.08,26469964.08,"Communication","B3D7K31","US25470F1049","NASDAQ"
"FTI","TECHNIPFMC PLC","Equity",1e-04,8.59,3040411,26117130.49,26117130.49,"Energy","BDSFG98","GB00BDSFG982","NYSE"
"XRX","XEROX HOLDINGS CORP","Equity",1e-04,17.8,1354519,24110438.2,24110438.2,"Information Technology","BJJD5G3","US98421M1062","NYSE"
"ADS","ALLIANCE DATA SYSTEMS CORP","Equity",1e-04,56.55,290492,16427322.6,16427322.6,"Information Technology","2762030","US0185811082","NYSE"
"GPS","GAP INC","Equity",1e-04,11.03,1483219,16359905.57,16359905.57,"Consumer Discretionary","2360326","US3647601083","NYSE"
"JWN","NORDSTROM INC","Equity",1e-04,19.54,795415,15542409.1,15542409.1,"Consumer Discretionary","2641827","US6556641008","NYSE"
"UAA","UNDER ARMOUR INC CLASS A","Equity",1e-04,10.51,1443144,15167443.44,15167443.44,"Consumer Discretionary","B0PZN11","US9043111072","NYSE"
"UA","UNDER ARMOUR INC CLASS C","Equity",1e-04,9.42,1491606,14050928.52,14050928.52,"Consumer Discretionary","BDF9YM2","US9043112062","NYSE"
"NWS","NEWS CORP CLASS B","Equity",1e-04,12.44,979384,12183536.96,12183536.96,"Communication","BBGVT51","US65249B2088","NASDAQ"
"COTY","COTY INC CLASS A","Equity",1e-04,5.16,2034845,10499800.2,10499800.2,"Consumer Staples","BBBSMJ2","US2220702037","NYSE"
